<?xml version="1.0" encoding="utf-8"?>
<modification>
    <name>Customizing url</name>
    <code>Customizing url</code>
    <version>1.0</version>
    <author>Salah</author>
    <link>http://www.opencart.com</link>

    <!-- Customizing url dans header.php -->
    <file path="catalog/controller/common/header.php">
        <operation>
            <search>
                <![CDATA[$this->load->model('setting/extension');]]>
            </search>
            <add position="after" offset="1">
                <![CDATA[
            $this->load->model('visited/visited');

		// fonction pour aller chercher le nom du produit
		$this->load->model('catalog/product');

		//variable pour l'enregistrement Visited
		date_default_timezone_set('America/Toronto');
		$date = date("Y-m-d H:i:s"); 
		$user_id = 0;


	//Trouver l'adresse ip
    if (!empty($_SERVER['HTTP_CLIENT_IP']))  
    {
      $ip=$_SERVER['HTTP_CLIENT_IP'];
    }
    elseif (!empty($_SERVER['HTTP_X_FORWARDED_FOR'])) 
    {
      $ip=$_SERVER['HTTP_X_FORWARDED_FOR'];
    }
    else
    {
      $ip=$_SERVER['REMOTE_ADDR'];
	}
	
	

	
	// trouver le Titre de la page
	$titre = $this->document->getTitle();
		 
	
	// trouver uri
		$uri= ($_SERVER["REQUEST_URI"]);
		
		if ( stristr($uri , 'index.php?route=') ) {
			$uri = str_replace("index.php?route=", "", $uri);
		   }
		
		   $newUri= str_replace("&", "/", $uri);
		

		if(strpos($newUri, "category") !== false){
			$endPos = strlen($newUri);
			$pathPos = strpos($newUri,"path=");
			
			$pathAndId = substr($newUri,$pathPos,$endPos);
			$testId = substr(strrchr($pathAndId, "="), 1);
			$lesId = explode("_", $testId);
			$path1 = $this->model_visited_visited->getNameCategory($lesId[0]);
			$path2 = $this->model_visited_visited->getNameCategory($lesId[1]);
			
			$path = $path1."/".$path2;
		
			$newUri = substr_replace($newUri,$path,$pathPos,$endPos);
			
		}
		else{
			if (strpos( $newUri, 'path=') !== false){
				// path=20_27&
				$pathPos = strpos($newUri,"path=");
				$lastSlash = strrpos($newUri,"/");
				$endPos = $lastSlash - $pathPos;
				$pathAndId = substr($newUri,$pathPos,$endPos);
	
				// on enleve 'path='
				$testId = substr(strrchr($pathAndId, "="), 1);
			
	
				//20_27
				$lesId = explode("_", $testId);
				$path1 = $this->model_visited_visited->getNameCategory($lesId[0]);
				$path2 = $this->model_visited_visited->getNameCategory($lesId[1]);
				
				$path = $path1."/".$path2;
		        
				$newUri = substr_replace($newUri,$path,$pathPos,$endPos);
			}
	
			if ( strpos( $newUri, 'product_id=' ) !== false ) {
				$productId =	substr(strrchr($newUri, "="), 1);
				
				$infoProduct = $this->model_catalog_product->getProduct($productId);
				
				$newUri = str_replace("product_id=".$productId, $infoProduct['name'], $newUri);
				
			  
			}
			if ( strpos( $newUri, 'index.php?route=' ) !== false ) {
				$productId =	substr(strrchr($newUri, "="), 1);
				
				$infoProduct = $this->model_catalog_product->getProduct($productId);
				
				$newUri = str_replace("product_id=".$productId, $infoProduct['name'], $newUri);
				
			  
			}
			
		}

		// recuperer id du user
		if ($this->customer->isLogged()) {
			$user_id = $this->customer->getId();
		}

		$this->model_visited_visited->addVisit($uri, $titre, $date, $ip, $newUri, $user_id );

    

            ]]>    
            </add>
        </operation>
    </file>
</modification>
